"listingId","viewDirections"
333333,"[""Garden View""]"
369957,"[""Pool View""]"
369956,"[""Pool View""]"
369955,"[""Pool View""]"
369954,"[""Pool View""]"
369953,"[""Pool View""]"
369952,"[""Pool View""]"
369951,"[""Pool View""]"
369950,"[""Pool View""]"
369949,"[""Pool View""]"
369948,"[""Pool View""]"
369947,"[""Pool View""]"
369946,"[""Pool View""]"
369945,"[""Pool View""]"
369944,"[""Pool View""]"
369943,"[""Pool View""]"
369942,"[""Pool View""]"
369941,"[""Pool View""]"
369940,"[""Pool View""]"
369939,"[""Pool View""]"
369938,"[""Pool View""]"
369937,"[""Pool View""]"
369936,"[""Pool View""]"
369935,"[""Pool View""]"
369934,"[""Pool View""]"
369933,"[""Pool View""]"
369932,"[""Pool View""]"
369931,"[""Pool View""]"
369930,"[]"
369929,"[]"
369928,"[]"
369927,"[]"
369926,"[]"
369925,"[]"
369924,"[]"
369923,"[]"
369922,"[]"
369921,"[]"
369920,"[]"
369919,"[]"
369918,"[]"
369917,"[]"
369916,"[]"
369915,"[]"
369914,"[]"
369913,"[]"
369912,"[]"
369911,"[]"
369910,"[]"
369909,"[]"
369908,"[]"
369907,"[]"
369906,"[]"
369905,"[]"
369904,"[]"
369903,"[]"
369902,"[]"
369901,"[]"
369900,"[]"
369899,"[]"
369898,"[]"
369897,"[]"
369896,"[]"
369895,"[]"
369894,"[]"
369893,"[]"
369892,"[]"
369891,"[]"
369890,"[]"
369889,"[]"
369888,"[]"
369887,"[]"
369886,"[]"
369885,"[]"
369884,"[]"
369883,"[]"
369882,"[]"
369881,"[]"
369880,"[]"
369879,"[]"
369878,"[]"
369877,"[]"
369876,"[]"
369875,"[]"
369874,"[""Pool View""]"
369873,"[""Pool View""]"
369872,"[""Pool View""]"
369871,"[""Pool View""]"
369870,"[""Pool View""]"
369869,"[""Pool View""]"
369868,"[""Pool View""]"
369867,"[""Pool View""]"
369866,"[""Pool View""]"
369865,"[""Pool View""]"
369864,"[""Pool View""]"
369863,"[""Pool View""]"
369862,"[""Pool View""]"
369861,"[""Pool View""]"
369860,"[""Pool View""]"
369859,"[""Pool View""]"
369858,"[""Pool View""]"
369857,"[""Pool View""]"
369856,"[""Pool View""]"
369855,"[""Pool View""]"
369854,"[""Pool View""]"
369853,"[""Pool View""]"
369852,"[""Pool View""]"
369851,"[""Pool View""]"
369850,"[""Pool View""]"
369849,"[""Pool View""]"
369848,"[""Pool View""]"
369847,"[""Pool View""]"
369846,"[]"
369845,"[]"
369844,"[]"
369843,"[]"
369842,"[]"
369841,"[]"
369840,"[]"
369839,"[]"
369838,"[]"
369837,"[]"
369836,"[]"
369835,"[]"
369834,"[]"
369833,"[]"
369832,"[]"
369831,"[]"
369830,"[]"
369829,"[]"
369828,"[]"
369827,"[]"
369826,"[]"
369825,"[]"
369824,"[]"
369823,"[]"
369822,"[]"
369821,"[]"
369820,"[]"
369819,"[]"
369818,"[""Pool View""]"
369817,"[""Pool View""]"
369816,"[""Pool View""]"
369815,"[""Pool View""]"
369814,"[""Pool View""]"
369813,"[""Pool View""]"
369812,"[""Pool View""]"
369811,"[""Pool View""]"
369810,"[""Pool View""]"
369809,"[""Pool View""]"
369808,"[""Pool View""]"
369807,"[""Pool View""]"
369806,"[""Pool View""]"
369805,"[""Pool View""]"
369804,"[""Pool View""]"
369803,"[""Pool View""]"
369802,"[""Pool View""]"
369801,"[""Pool View""]"
369800,"[""Pool View""]"
369799,"[""Pool View""]"
369798,"[""Pool View""]"
369797,"[""Pool View""]"
369796,"[""Pool View""]"
369795,"[""Pool View""]"
369794,"[""Pool View""]"
369793,"[""Pool View""]"
369792,"[""Pool View""]"
369791,"[""Pool View""]"
368421,"[""Pool View""]"
368420,"[""Pool View""]"
368419,"[""Pool View""]"
368418,"[""Pool View""]"
368417,"[""Pool View""]"
368416,"[""Pool View""]"
368415,"[]"
368414,"[]"
368413,"[]"
368412,"[]"
368411,"[]"
368410,"[]"
368409,"[]"
368408,"[]"
368407,"[]"
368406,"[]"
368405,"[]"
368404,"[]"
368403,"[""Pool View""]"
368402,"[""Pool View""]"
368401,"[""Pool View""]"
368400,"[""Pool View""]"
368399,"[""Pool View""]"
368398,"[""Pool View""]"
368397,"[]"
368396,"[]"
368395,"[]"
368394,"[]"
368393,"[]"
368392,"[]"
368391,"[""Pool View""]"
368390,"[""Pool View""]"
368389,"[""Pool View""]"
368388,"[""Pool View""]"
368387,"[""Pool View""]"
368386,"[""Pool View""]"
370020,"[""Pool View""]"
370019,"[]"
370018,"[]"
370017,"[]"
370016,"[""Road View""]"
370015,"[]"
370014,"[""Garden View""]"
370013,"[""Garden View""]"
370012,"[""Garden View""]"
370011,"[""Garden View""]"
370010,"[""Garden View""]"
370009,"[""Garden View""]"
370008,"[""Garden View""]"
370007,"[""Garden View""]"
370006,"[""Garden View""]"
370005,"[""Garden View""]"
370004,"[""Garden View""]"
370003,"[""Garden View""]"
370002,"[""Garden View""]"
370001,"[""Garden View""]"
370000,"[""Garden View""]"
369999,"[""Garden View""]"
369998,"[""Garden View""]"
369997,"[""Garden View""]"
369996,"[""Garden View""]"
369995,"[""Garden View""]"
369994,"[""Garden View""]"
369993,"[""Garden View""]"
369992,"[""Garden View""]"
369991,"[""Garden View""]"
369990,"[""Garden View""]"
369989,"[""Garden View""]"
369988,"[""Garden View""]"
369987,"[""Garden View""]"
369986,"[]"
369985,"[]"
369984,"[]"
369983,"[]"
369982,"[]"
369981,"[]"
369980,"[]"
369979,"[]"
369978,"[]"
369977,"[]"
369976,"[]"
369975,"[]"
369974,"[]"
369973,"[]"
369972,"[]"
369971,"[]"
369970,"[]"
369969,"[]"
369968,"[]"
369967,"[]"
369966,"[]"
369965,"[]"
369964,"[]"
369963,"[]"
369962,"[]"
369961,"[]"
369960,"[]"
369959,"[]"
369790,"[""Road View""]"
369789,"[""Road View""]"
369788,"[""Road View""]"
369787,"[""Road View""]"
369786,"[""Road View""]"
369785,"[""Road View""]"
369784,"[""Road View""]"
369783,"[""Road View""]"
369782,"[""Road View""]"
369781,"[""Road View""]"
369780,"[""Road View""]"
369779,"[""Road View""]"
369778,"[""Road View""]"
369777,"[""Road View""]"
369776,"[""Road View""]"
369775,"[]"
369774,"[]"
369773,"[]"
369772,"[]"
369771,"[]"
369770,"[]"
369769,"[]"
369768,"[]"
369767,"[]"
369766,"[]"
369765,"[]"
369764,"[]"
369763,"[]"
369762,"[""Garden View"",""Road View""]"
369761,"[""Garden View"",""Road View""]"
369760,"[""Garden View"",""Road View""]"
369759,"[""Garden View"",""Road View""]"
369758,"[""Garden View"",""Road View""]"
369757,"[""Garden View"",""Road View""]"
369756,"[""Garden View"",""Road View""]"
369755,"[""Garden View"",""Road View""]"
369754,"[""Garden View"",""Road View""]"
369753,"[""Garden View"",""Road View""]"
369752,"[""Garden View"",""Road View""]"
369751,"[""Garden View"",""Road View""]"
369750,"[""Garden View"",""Road View""]"
369749,"[""Garden View"",""Road View""]"
369748,"[""Garden View"",""Road View""]"
369747,"[""Garden View""]"
369746,"[""Garden View""]"
369745,"[""Garden View""]"
369744,"[""Garden View""]"
369743,"[""Garden View""]"
369742,"[""Garden View""]"
369741,"[""Garden View""]"
369740,"[""Garden View""]"
369739,"[""Garden View""]"
369738,"[""Garden View""]"
369737,"[""Garden View""]"
369736,"[""Garden View""]"
369735,"[""Garden View""]"
369734,"[""Pool View""]"
368433,"[""Garden View""]"
368432,"[""Garden View""]"
368431,"[""Garden View""]"
368430,"[""Garden View""]"
368429,"[""Garden View""]"
368428,"[""Garden View""]"
368427,"[]"
368426,"[]"
368425,"[]"
368424,"[]"
368423,"[]"
368422,"[]"
368385,"[""Road View""]"
368384,"[""Road View""]"
368383,"[""Road View""]"
368382,"[]"
368381,"[]"
368380,"[]"
368379,"[""Garden View"",""Road View""]"
368378,"[""Garden View"",""Road View""]"
368377,"[""Garden View"",""Road View""]"
368376,"[""Garden View""]"
368375,"[""Garden View""]"
368374,"[""Garden View""]"